id,artist,aliases,era,genres,age,fame_tier,kz_origin,notes
kairat-nurtas,Kairat Nurtas,Кайрат Нұртас|Кайрат Нуртас,2010s-now,toi|pop,family,1,confirmed,Абсолютный тир-1 узнаваемости. Знают все поколения. Бери 8-10 треков
irina-kairatovna,Irina Kairatovna,Ирина Кайратовна|IK,2018-now,rap|comedy|underground,18plus,1,confirmed,"Мемная узнаваемость выше музыкальной. 5000, Kok tu, Майк кроссовки. Почти всё 18+"
skryptonite,Скриптонит,Gruppa Skryptonite|Adil Zhalelov,2014-now,rap|rnb,18plus,1,confirmed,Павлодар. Тир-1 но почти весь каталог 18+
ninety-one,Ninety One,91|Q-pop,2015-now,pop|qpop,family,1,confirmed,Родоначальники Q-pop. Айыптама Su Asaby Ah Yah Mah
aikyn,Aikyn Tolepbergen,Айқын Төлепберген|Айкын,2008-now,toi|pop,family,1,confirmed,Огромный каталог узнаваемых. Ерке Қыз Асылым Пах-Пах
dos-mukasan,Дос-Мұқасан,Dos-Mukasan,1967-1990s,retro|folk,family,1,confirmed,Легенда советского Казахстана. Знают через родителей. Той жыры Аяулым
muzart,МузАрт,MuzArt,1990s-2010s,retro|pop,family,1,confirmed,Сағындым алматымды Сен келерсің бір күні
roza-rymbaeva,Роза Рымбаева,Roza Rymbaeva,1970s-now,retro|estrada,family,1,confirmed,Народная артистка. Любовь Алия
batyrkhan-shukenov,Батырхан Шүкенов,Batyrkhan Shukenov|А-Студио,1990s-2015,retro|pop|jazz,family,1,confirmed,Отан Ана Твои шаги. Вечная классика
dimash,Dimash Qudaibergen,Димаш Құдайберген,2015-now,pop|classical,family,1,confirmed,Мировая известность. Но треки сложнее для угадывания
jah-khalib,Jah Khalib,Бахтияр Мамедов,2015-now,rap|rnb|pop,family,1,confirmed,Алматы. Медина Каблук Осенняя. В основном на русском но узнаваемость тир-1
sadraddin,Sadraddin,Садраддин,2018-now,pop|rnb,family,1,confirmed,"Топ-1 чарта KZ сейчас. Sagynysh Bolme Menin adamym, Baqyt"
moldanazar,MOLDANAZAR,Молданазар,2015-now,indie|alt,family,2,confirmed,Инди-икона. Mahabbatym Ozin Gana
vsxv-prince,V $ X V PRiNCE,VSXV PRiNCE,2017-now,rap|rnb,18plus,2,confirmed,Асылым Big City Life Мурашки Далада
orda,ORDA,ОРДА,2015-now,rock|alt,family,2,confirmed,Ғашықсың ба Белгісіз Жан Жауап Бер
bakr,Bakr,Бакр,2019-now,rap|rnb,18plus,2,verify,Сильно в чарте KZ. Уточнить казахстанское происхождение
de-lacure,De Lacure,,2019-now,rnb|rap,family,2,confirmed,Algabas Unaisyn dal solay
shiza,Shiza,Шиза,2019-now,rap|underground,18plus,2,confirmed,TER 667 Terbel ALA
qarakesek,Qarakesek,Қаракесек,2000s-now,rock|toi,family,2,confirmed,Қураған гүл. Народная рок-группа
alem,ALEM,Alem Band,2010s-now,pop,family,2,confirmed,Ханшайым Qalauym Kuiim
ernar-aidar,Ernar Aidar,Ернар Айдар,2010s-now,toi|pop,family,2,confirmed,Сонда да сүйем
nurzhan-kermenbayev,Nurzhan Kermenbayev,Нұржан Кермембаев,2010s-now,toi|pop,family,2,confirmed,Zhylaidy Zhurek Dogar Qaidasyn Gashygym
kazybek-kuraiysh,Kazybek Kuraiysh,Қазыбек Құрайыш,2018-now,pop|rnb,family,2,confirmed,Бақытыңды табасың Jylama janym Suiemin
madina-sadvakasova,Madina Sadvakasova,Мадина Сәдуақасова,2005-now,pop|estrada,family,2,confirmed,Ән сал сарбаз
musicola,Musicola,Мюзикола,1990s-2010s,retro|pop,family,2,confirmed,Сен мұңыңды без маған
bayterek,Байтерек,Bayterek,1990s-2000s,retro|pop,family,2,confirmed,Сен
a-studio,А-Студио,A-Studio,1987-now,retro|pop,family,2,confirmed,Джулия Нелюбимая. Через родителей знают все
kuandyq-rakhym,Қуандық Рахым,Kuandyk Rakhym,2010s-now,toi|patriotic,family,2,confirmed,Мен Қазақпын Аққуым Аппағым
toregali-toreali,Toregali Toreali,Төреғали Төреәлі,2010s-now,toi|pop,family,2,confirmed,Алматы ең алғашқы махаббатым
madi-rymbaev,Мади Рымбаев,Madi Rymbaev,2015-now,pop,family,2,confirmed,Q-pop сцена
ziruza,Ziruza,Зируза,2015-now,pop|rnb,family,3,confirmed,Kesh 24/7
raim,RaiM,РаиМ,2017-now,pop|rap,family,2,confirmed,Хиты с Артуром и Адиной. Огромная узнаваемость у зумеров
adilet-zhaugashar,Adilet Zhaugashar,Әділет Жауғашар,2018-now,toi|pop,family,2,confirmed,Жасырын кездесу Сүй иә. Топ чарта
abzal-uteshov,Abzal Uteshov,Абзал Утешов,2018-now,pop|toi,family,2,confirmed,Біз жолығамыз Bir Oilap Alam. Топ чарта
ernar-amandyq,Ernar Amandyq,Ернар Амандық,2019-now,pop,family,2,confirmed,Meni kut Keipker
kalifarniya,Kalifarniya,Калифарния,2019-now,rap|pop,family,2,confirmed,Aspan OLAI Ademi
duman,Duman,Думан,2020-now,pop,family,3,confirmed,Баяғыдай Жіберем қалай
dudeontheguitar,dudeontheguitar,,2019-now,indie|acoustic,family,3,confirmed,şeksiz Chill Chill kelmid
ayau,Ayau,Аяу,2020-now,indie|rnb,family,3,confirmed,AYAULYM sensiz tartady
orynkhan,Orynkhan,Орынхан,2019-now,pop|rnb,family,3,confirmed,TU TU TU qazir bolmasa Sulyym
mdee,M'Dee,МДи,2017-now,jazz|rnb|soul,family,3,confirmed,Алматинский джаз. что такое счастье
darkhan-juzz,Darkhan Juzz,Дархан Джуз,2019-now,rnb|jazz,family,3,confirmed,Sheker Shyraq Úide
bonaparte,Bonaparte,Бонапарт,2019-now,pop|indie,family,3,confirmed,Наверно это любовь Алмата-Семей
marhaba-sabi,Marhaba Sabi,Мархаба Саби,2018-now,pop,family,3,confirmed,Unaidy Magan Gana Qyz Bozbala
yenlik,Yenlik,Еңлік,2019-now,pop|indie,family,3,confirmed,Men dep oila bir kem dunie
kunzharyq,Kunzharyq,Күнжарық,2020-now,indie,family,3,confirmed,Túimedaq kelekelei zhanbyr
zoloto,ZOLOTO,Золото,2018-now,indie|alt,family,3,confirmed,Непроизошло
truwer,Truwer,Трувер,2016-now,rap,18plus,3,confirmed,Муса. Gruppa Skryptonite
niman,Niman,Ниман,2017-now,rap,18plus,3,confirmed,ДМХ. Gruppa Skryptonite
104,104,,2015-now,rap,18plus,3,confirmed,BACKWOODS. Gruppa Skryptonite
kisloslаdkiy,Кисло-Сладкий,Kislo Sladkiy,2016-now,rap|underground,18plus,3,confirmed,AM JALAMA
edo-hunnidz,Edo Hunnidz,Эдо Ханнидз,2020-now,rap|meme,18plus,5,confirmed,"Вирусные Men Qazaqpyn, Vip Qazaq, Маған Pohu. Одна-две песни но взорвали"
ghetto-dogs,Ghetto Dogs,,2000s-2010s,rap,18plus,3,confirmed,Город 7272 Восточная ночь Ханка. Классика КЗ рэпа
batyr,Батыр,Batyr Shukenov,2000s-now,pop,family,2,confirmed,Гүл Алматы Қайран көңіл-ай
marsel,Marsel,Марсель Алсеитов,2010s-now,pop|toi,family,3,confirmed,Асыл жаным ай Бұл өмірде
zhanar-dugalova,Zhanar Dugalova,Жанар Дугалова,2010s-now,pop,family,3,confirmed,Сүйем-жек көрем
meirambek-besbayev,Meirambek Besbayev,Мейрамбек Беспаев,2000s-now,toi|estrada,family,2,confirmed,Сен үшін жаралғандаймын
qurmash-makhan,Qurmash Makhan,Құрмаш Махан,2000s-now,toi|estrada,family,3,confirmed,Жан сырым Аңсарым
karakat-abildina,Қарақат Әбілдіна,Karakat Abildina,2000s-now,folk|estrada,family,2,confirmed,Балапан Қаз
ulytau,Ulytau,Ұлытау,2000s-now,folk|rock|instrumental,family,2,confirmed,Этно-рок. Инструментал сложнее угадывать
turan,Turan,Turan Ensemble,2008-now,folk|ethno,family,3,confirmed,Этно-фолк ансамбль
eskendir-hasangaliev,Ескендір Хасанғалиев,Eskendir Hasangaliev,1970s-now,retro|folk,family,3,confirmed,Атамекен Жанарым
gazizkhan-shekerbek,Gazizkhan Shekerbek,Ғазизхан Шекербек,2015-now,pop|toi,family,3,confirmed,Көріктім MANTRA Сенсің
taspay,Taspay,Таспай,2018-now,pop,family,3,confirmed,Seni izdeimin Сүйгенді Сүй
dastan-orazbekov,Dastan Orazbekov,Дастан Оразбеков,2018-now,pop,family,3,confirmed,Begimai Ekeumiz
ali-okapov,Ali Okapov,Али Окапов,2016-now,pop,family,3,confirmed,Биле
son-pascal,Son Pascal,,2018-now,indie|alt,family,3,confirmed,Men Seni Suyemin Yurt
lucaveros,LUCAVEROS,,2018-now,pop|electronic,family,3,verify,Almaty Дома. Сильно в чарте KZ. Уточнить происхождение
imanbek,Imanbek,Иманбек Зейкенов,2019-now,electronic|remix,family,2,confirmed,Grammy. Roses remix Belly Dancer
zaq,ZAQ,,2018-now,pop|qpop,family,3,confirmed,Digidik
ali-tuimedaq,Ali,,2019-now,indie,family,4,confirmed,Ğalamtor Dos
arshat,ARShAT,Аршат,2020-now,indie|acoustic,family,4,confirmed,Gashyqpyn sagan Soqyr aqyn
plecto,plecto,,2020-now,indie,family,4,confirmed,Sözderin gashyq boldym
zhugunusov-miras,Жүгунусов Мирас,Miras Zhugunussov,2019-now,pop|rnb,family,3,confirmed,Шыда Зымыран UAQYT Әндетемін
aidana-medenova,Айдана Меденова,Aidana Medenova,2015-now,pop,family,3,confirmed,Менімен биле
serik-ibragimov,Serik Ibragimov,Серік Ибрагимов,2015-now,pop|toi,family,4,confirmed,Бізде ше
berkut,Беркут,Berkut,2010s-now,pop|toi,family,3,confirmed,Тау-тау сезім Тұф
ayree,Ayree,Айри,2020-now,pop|rnb,family,4,confirmed,Oiladyn Ba Жұлдызым
dasdinlovee,Dasdinlovee,,2020-now,indie|rnb,family,4,confirmed,Eles KETPE
6ellucci,6ELLUCCI,,2020-now,rap|rnb,18plus,3,confirmed,KZO Kobelek ideal
junior,Junior,,2019-now,rap,18plus,4,confirmed,NE ANGIME KZO II
whole-lotta-swag,Whole Lotta Swag,WLS,2018-now,rap|underground,18plus,4,confirmed,2015 Обнял поцеловал
raida,Райда,Raida,2017-now,rnb|rap,18plus,3,confirmed,Секреты Baby mama
hiro,Hiro,Хиро,2018-now,rap|rnb,18plus,4,confirmed,Особа крутая moonfantom
maslo-chernogo-tmina,масло чёрного тмина,,2019-now,alt|underground,18plus,4,confirmed,МИР
captown,CAPTOWN,,2018-now,rap,18plus,4,confirmed,Ляйсан
dequine,Dequine,,2019-now,pop|rnb,family,4,confirmed,Матча чай Движения
argonya,Argonya,Аргоня,2019-now,pop,family,3,confirmed,Синтезатор Sendei Aru Zhok
qanay,Qanay,Қанай,2020-now,pop|rnb,family,4,confirmed,Mynmen
2rar,2Rar,,2019-now,pop|rnb,family,4,confirmed,Men Eshkimdi Suimeimin
amre,Amre,Амре,2016-now,pop,family,3,confirmed,Осы музыка ұнайды
jeltoksan,jeltoksan.,Желтоксан,2020-now,indie,family,4,confirmed,Men de Suyem
mynbay,MYNBAY,Мынбай,2022-now,pop,family,3,confirmed,Бұзық Жұлдыз. Топ чарта
delin,DELIN,,2022-now,pop,family,3,confirmed,Ayaulym. Топ чарта
isatay,Isatay,Исатай,2021-now,pop,family,4,confirmed,Ai ai
aidyn-zhumakhan,Aidyn Zhumakhan,Айдын Жумахан,2021-now,pop|toi,family,4,confirmed,Top Tompaq
merey,MEREY,Мерей,2021-now,pop,family,4,confirmed,Betperde
ilhan,IL'HAN,Ильхан,2021-now,pop,family,4,confirmed,Country Арман
gassyr,Gassyr,Ғасыр,2021-now,pop,family,4,confirmed,Aidaiym
qanat-erlan,Қанат Ерлан,Qanat Erlan,2020-now,pop|toi,family,4,confirmed,Saǵynamyn Қарақшы
omirqul-ainiyazov,Өмірқұл Айниязов,Omirqul Ainiyazov,2020-now,toi|pop,family,4,confirmed,13-қабырғам
esen-zhusipov,Есен Жүсіпов,Esen Zhusipov,2021-now,pop,family,4,confirmed,Ару
nurzhas-sadirbaev,Нұржас Сәдірбаев,Nurzhas Sadirbaev,2020-now,pop,family,4,confirmed,Біз қателестік
yerbolat-qudaibergenov,Yerbolat Qudaibergenov,Ерболат Құдайбергенов,2019-now,pop|patriotic,family,3,confirmed,Men Qazaq Erke qyz Lyazzat Alauy
dosekesh,Dosekesh,Досекеш,2020-now,pop|rnb,family,4,confirmed,Taspa
akimmmich,akimmmich,,2021-now,rnb|indie,family,4,confirmed,Suie Tura
asik,Asik,Асик,2021-now,pop,family,4,confirmed,Sagynbaimyn
abik-jeksen,Abik Jeksen,Әбік Жексен,2018-now,pop|toi,family,4,confirmed,Жолдар
zhubanysh-zheksenuly,Жұбаныш Жексенұлы,Zhubanysh,2018-now,toi|pop,family,4,confirmed,Өкінбе сен
malik-zhambyluly,Мәлік Жамбылұлы,Malik Zhambyluly,2019-now,toi|folk,family,4,confirmed,Аягөз Қайда Барасың
izbasar-kenesov,Izbasar Kenesov,Избасар Кенесов,2019-now,pop,family,4,confirmed,Ademim Nesine Asygady
gadilbek-zhanay,Gadilbek Zhanay,Гадилбек Жанай,2019-now,toi|pop,family,4,confirmed,Ханшайым
erke-esmahan,Erke Esmahan,Ерке Есмахан,2018-now,pop,family,4,confirmed,Қайда
alzabi,AlZaBi,,2019-now,patriotic|pop,family,4,confirmed,Байрағым
ushkyn-zhamalbek,Ushkyn Zhamalbek,Ұшқын Жамалбек,2018-now,patriotic|toi,family,4,confirmed,Мен қазақтың баласы Асау жүрек Мұзбалақ
kental,Kental,Кентал,2020-now,rap|patriotic,family,4,confirmed,Халқым
renat-gaisin,Ренат Гайсин,Renat Gaisin,2015-now,pop,family,4,confirmed,Сүйемін
nurlan-alimzhan,Кеңес Әлімжан,Kenes Alimzhan,2010s-now,toi|estrada,family,4,confirmed,Өз жүрегіңнен ұялмайсың ба
erkesh-khasen,Еркеш Хасен,Erkesh Khasen,1990s-2010s,retro|estrada,family,4,confirmed,Кездесуге келмедің
asyl-mura,Asyl Müra,,retro-compilation,retro|estrada,family,3,confirmed,Сборники советской казахской эстрады. Ретро-категория
kurmanai-omarova,Құрманай Омарова,Kurmanai Omarova,1970s-1990s,retro|estrada,family,3,confirmed,Бәрінен де сен сұлу Сағындым сені
nurlan-onerbaev,Нұрлан Өнербаев,Nurlan Onerbaev,1980s-2000s,retro|estrada,family,3,confirmed,Классика эстрады
makpal-zhunusova,Мақпал Жүнісова,Makpal Zhunusova,1980s-now,retro|estrada,family,3,confirmed,Классика эстрады
nagima-eskalieva,Нағима Есқалиева,Nagima Eskalieva,1980s-now,retro|estrada,family,3,confirmed,Классика эстрады
