# Мемы — ручная категория. Apple такого жанра не отдаёт, и определить его
# алгоритмом нельзя: мем это не звук, а то, как песню используют в интернете.
#
# Правила:
#   1. Каждая строка — id трека из data/tracks.json (колонка id) плюс подпись
#      для человека: кто и что, чтобы файл читался глазами.
#   2. Трек из этого списка получает тег `memes` И возраст 18+ — всегда.
#      Мемные песни в детскую подборку не попадают ни при каких условиях,
#      даже если в редакторе поставить family.
#   3. Категория показывается чипом на старте, когда в ней наберётся 25
#      треков (общий порог каталога). Пока меньше — тег в данных есть,
#      но фильтра игрок не видит.
#
# Как добавить: найти песню в локальном редакторе (npm run editor), взять её
# id и дописать строку сюда, потом «Применить в игру».
#
id,artist,title,note
1533785310,Ирина Кайратовна,5000,интернет-хит и растащённый на цитаты трек
1510041291,Ирина Кайратовна,Сиди дома,карантинный вирусный трек 2020 года
1533785782,Ирина Кайратовна,Молодёжь,разошёлся по коротким видео
1135528345,Kairat Nurtas,Қазақша ламбада,танцевальный звук из тиктоков
1118362705,Toregali Toreali,До Ре Ми,тойный трек, ушедший в мемы
